Country,Models,Cluster,correlation,disagree (0),agree,poorest (1),poorer (2),average (3),richer (4),richest (5),N
Angola,Chi_Yeh,rural,0.15263,76.1,23.90000000000001,1.2,5.6,5.9,3.7,7.5,2872
Angola,Chi_Yeh,urban,0.6799,30.5,69.5,0.0,0.0,0.3,3.3,65.9,695
Angola,Chi_Yeh,all,0.40964,64.8,35.2,1.0,4.3,4.6,3.5,21.9,3759
Benin,Chi_Yeh,rural,0.39494,76.0,24.0,3.7,4.4,3.5,3.7,8.6,5177
Benin,Chi_Yeh,urban,0.7319,42.9,57.1,0.0,0.3,0.9,2.9,53.0,1037
Benin,Chi_Yeh,all,0.53582,70.1,29.90000000000001,3.1,3.7,3.1,3.6,16.5,6304
Burkina Faso,Chi_Yeh,rural,0.1634,75.3,24.700000000000003,3.5,4.0,4.2,4.7,8.3,7649
Burkina Faso,Chi_Yeh,urban,0.79834,28.8,71.2,0.0,0.3,0.9,1.8,68.2,683
Burkina Faso,Chi_Yeh,all,0.28178,71.5,28.5,3.2,3.7,3.9,4.5,13.2,8361
Cameroon,Chi_Yeh,rural,0.11759,74.5,25.5,3.7,4.2,5.9,6.5,5.2,3012
Cameroon,Chi_Yeh,urban,0.00955,66.2,33.8,0.5,1.7,2.2,3.2,26.3,598
Cameroon,Chi_Yeh,all,0.15019,73.2,26.8,3.1,3.8,5.2,6.0,8.7,3678
Cote d'Ivoire,Chi_Yeh,rural,0.35749,73.0,27.0,2.7,4.6,4.6,5.3,9.7,2638
Cote d'Ivoire,Chi_Yeh,urban,0.70976,26.8,73.2,0.0,0.2,1.0,0.6,71.5,519
Cote d'Ivoire,Chi_Yeh,all,0.55393,64.7,35.3,2.2,3.8,4.0,4.5,20.8,3215
Democratic Republic of the Congo,Chi_Yeh,rural,0.17457,76.7,23.3,2.0,3.8,4.2,4.2,9.1,3070
Democratic Republic of the Congo,Chi_Yeh,urban,0.75723,32.5,67.5,0.0,0.1,1.1,2.1,64.2,967
Democratic Republic of the Congo,Chi_Yeh,all,0.48444,66.1,33.900000000000006,1.5,2.9,3.5,3.7,22.4,4084
Ethiopia,Chi_Yeh,rural,0.15709,75.8,24.200000000000003,2.9,4.9,4.9,4.7,6.8,9534
Ethiopia,Chi_Yeh,urban,0.34218,63.4,36.6,0.3,1.1,2.5,3.3,29.4,1641
Ethiopia,Chi_Yeh,all,0.22401,74.0,26.0,2.5,4.4,4.5,4.5,10.2,11238
Ghana,Chi_Yeh,rural,0.43464,74.0,26.0,4.1,5.6,4.6,5.6,6.0,4564
Ghana,Chi_Yeh,urban,0.73903,31.6,68.4,0.0,0.1,0.6,2.3,65.4,1264
Ghana,Chi_Yeh,all,0.64118,64.4,35.599999999999994,3.3,4.3,3.8,4.8,19.4,5985
Guinea,Chi_Yeh,rural,0.31702,75.3,24.700000000000003,2.2,3.7,4.7,5.3,8.9,2476
Guinea,Chi_Yeh,urban,0.74387,16.9,83.1,0.0,0.0,0.0,1.8,81.2,325
Guinea,Chi_Yeh,all,0.48491,67.9,32.099999999999994,1.9,3.2,4.1,4.8,17.9,2836
Kenya,Chi_Yeh,rural,0.34405,73.8,26.200000000000003,2.7,5.4,4.7,5.4,8.1,9389
Kenya,Chi_Yeh,urban,0.57353,64.7,35.3,0.1,0.3,1.5,5.8,27.6,7557
Kenya,Chi_Yeh,all,0.51038,69.4,30.599999999999994,1.5,3.1,3.3,5.5,17.1,17167
Malawi,Chi_Yeh,rural,0.2845,72.4,27.599999999999994,5.0,5.3,4.7,4.9,7.7,11925
Malawi,Chi_Yeh,urban,0.51377,58.1,41.9,1.3,1.8,3.5,6.9,28.4,3597
Malawi,Chi_Yeh,all,0.38586,69.2,30.8,4.1,4.4,4.4,5.4,12.5,15794
Mali,Chi_Yeh,rural,0.06807,77.0,23.0,2.7,4.5,4.8,5.0,6.0,3339
Mali,Chi_Yeh,urban,0.37794,55.3,44.7,0.4,0.4,0.7,1.1,42.2,282
Mali,Chi_Yeh,all,0.13131,75.4,24.599999999999994,2.5,4.2,4.5,4.6,8.8,3638
Mozambique,Chi_Yeh,rural,0.12816,77.1,22.90000000000001,3.9,4.2,5.2,4.6,5.0,5424
Mozambique,Chi_Yeh,urban,0.64483,47.2,52.8,0.3,0.1,0.6,2.5,49.3,668
Mozambique,Chi_Yeh,all,0.21635,73.1,26.90000000000001,3.4,3.7,4.6,4.4,10.8,6270
Nigeria,Chi_Yeh,rural,0.40162,76.1,23.90000000000001,3.8,5.4,4.1,3.1,7.5,12224
Nigeria,Chi_Yeh,urban,0.65386,48.2,51.8,0.2,0.6,1.2,1.8,48.1,5100
Nigeria,Chi_Yeh,all,0.62162,67.8,32.2,2.7,3.9,3.2,2.8,19.5,17502
Rwanda,Chi_Yeh,rural,0.1126,77.5,22.5,3.9,5.1,4.3,4.2,4.8,2661
Rwanda,Chi_Yeh,urban,0.31832,72.5,27.5,2.4,4.3,3.9,4.8,12.2,4004
Rwanda,Chi_Yeh,all,0.23864,74.6,25.40000000000001,3.0,4.7,4.0,4.5,9.1,6794
Senegal,Chi_Yeh,rural,0.33416,72.3,27.700000000000003,4.0,4.2,4.3,5.2,9.9,4120
Senegal,Chi_Yeh,urban,0.72806,19.5,80.5,0.0,0.2,1.0,2.6,76.7,493
Senegal,Chi_Yeh,all,0.47036,66.3,33.7,3.5,3.7,3.9,5.0,17.6,4719
Sierra Leone,Chi_Yeh,rural,0.23095,74.1,25.90000000000001,3.4,4.3,5.3,5.3,7.7,3725
Sierra Leone,Chi_Yeh,urban,0.68819,29.7,70.3,0.0,0.0,0.4,0.4,69.6,276
Sierra Leone,Chi_Yeh,all,0.32526,70.1,29.90000000000001,3.4,3.8,4.8,4.9,12.9,4130
Tanzania,Chi_Yeh,rural,0.09733,77.0,23.0,2.4,3.6,5.0,4.7,7.3,14027
Tanzania,Chi_Yeh,urban,0.58604,47.9,52.1,0.1,0.5,0.9,2.5,48.2,2659
Tanzania,Chi_Yeh,all,0.26334,71.8,28.200000000000003,2.0,3.0,4.3,4.4,14.5,17104
Togo,Chi_Yeh,rural,0.28051,74.8,25.200000000000003,3.9,4.2,4.8,5.6,6.6,2697
Togo,Chi_Yeh,urban,0.77669,32.8,67.2,0.2,0.0,1.5,2.2,63.2,454
Togo,Chi_Yeh,all,0.46141,68.4,31.599999999999994,3.4,3.6,4.4,5.1,15.1,3196
Uganda,Chi_Yeh,rural,0.22756,74.7,25.3,5.8,5.1,4.1,4.9,5.5,5344
Uganda,Chi_Yeh,urban,0.27458,67.6,32.400000000000006,1.1,2.1,2.4,5.8,21.0,3007
Uganda,Chi_Yeh,all,0.29832,72.1,27.90000000000001,4.0,4.0,3.5,5.2,11.1,8460
Zambia,Chi_Yeh,rural,0.42134,68.9,31.099999999999994,3.1,4.8,5.6,5.5,12.2,4935
Zambia,Chi_Yeh,urban,0.71732,19.8,80.2,0.0,0.0,0.4,2.1,77.7,802
Zambia,Chi_Yeh,all,0.56905,62.3,37.7,2.7,4.1,4.8,5.1,21.2,5873
Zimbabwe,Chi_Yeh,rural,0.14314,76.4,23.599999999999994,3.2,3.7,4.5,5.5,6.7,6029
Zimbabwe,Chi_Yeh,urban,0.11215,41.8,58.2,0.4,0.0,0.4,1.2,56.2,564
Zimbabwe,Chi_Yeh,all,0.22982,73.4,26.599999999999994,2.9,3.4,4.2,5.2,10.9,6622
Angola,Lee_Chi,rural,0.25469,73.0,27.0,6.7,5.7,5.6,4.8,4.1,6840
Angola,Lee_Chi,urban,0.52582,35.4,64.6,0.0,0.0,0.2,0.7,63.8,594
Angola,Lee_Chi,all,0.35173,69.7,30.3,6.1,5.2,5.2,4.5,9.4,7495
Benin,Lee_Chi,rural,0.10708,75.9,24.099999999999994,4.0,5.0,4.6,4.2,6.1,6553
Benin,Lee_Chi,urban,0.71767,29.5,70.5,0.2,0.0,0.2,1.5,68.6,881
Benin,Lee_Chi,all,0.29361,70.3,29.700000000000003,3.6,4.4,4.1,3.9,13.7,7524
Burkina Faso,Lee_Chi,rural,0.20265,75.2,24.8,4.7,4.4,4.4,4.9,6.4,14751
Burkina Faso,Lee_Chi,urban,0.65576,27.1,72.9,0.0,0.1,0.5,1.9,70.3,731
Burkina Faso,Lee_Chi,all,0.27135,72.9,27.099999999999994,4.4,4.2,4.2,4.8,9.4,15555
Cameroon,Lee_Chi,rural,0.21704,74.8,25.200000000000003,3.5,3.9,3.7,5.1,8.9,8605
Cameroon,Lee_Chi,urban,0.09705,61.2,38.8,0.0,0.1,0.4,1.9,36.3,694
Cameroon,Lee_Chi,all,0.23149,73.7,26.3,3.5,3.7,3.5,4.9,10.9,9597
Cote d'Ivoire,Lee_Chi,rural,0.47843,68.7,31.3,5.3,5.0,4.9,5.9,10.1,12808
Cote d'Ivoire,Lee_Chi,urban,0.57864,17.2,82.8,0.0,0.0,0.1,1.4,81.2,766
Cote d'Ivoire,Lee_Chi,all,0.54121,65.7,34.3,5.0,4.7,4.6,5.6,14.4,13762
Democratic Republic of the Congo,Lee_Chi,rural,0.18011,76.3,23.700000000000003,3.5,4.3,4.8,4.9,6.2,26743
Democratic Republic of the Congo,Lee_Chi,urban,0.56107,50.4,49.6,0.3,0.6,2.1,5.2,41.4,2377
Democratic Republic of the Congo,Lee_Chi,all,0.24746,74.2,25.8,3.3,4.0,4.5,4.9,9.1,29342
Ethiopia,Lee_Chi,rural,0.14586,76.8,23.200000000000003,4.2,4.5,4.9,4.9,4.7,30941
Ethiopia,Lee_Chi,urban,0.14322,64.2,35.8,0.0,0.7,1.9,4.6,28.6,3506
Ethiopia,Lee_Chi,all,0.18797,75.5,24.5,3.8,4.1,4.6,4.9,7.2,34519
Ghana,Lee_Chi,rural,0.55789,67.1,32.900000000000006,5.8,5.4,5.5,7.5,8.7,11083
Ghana,Lee_Chi,urban,0.77757,17.0,83.0,0.0,0.1,0.1,2.4,80.4,1528
Ghana,Lee_Chi,all,0.6692,60.8,39.2,5.1,4.8,4.8,6.8,17.7,12794
Guinea,Lee_Chi,rural,0.23824,75.1,24.90000000000001,3.9,4.2,4.5,4.9,7.3,9932
Guinea,Lee_Chi,urban,0.78204,13.7,86.3,0.0,0.2,0.0,0.9,85.1,437
Guinea,Lee_Chi,all,0.31186,72.5,27.5,3.7,4.0,4.3,4.7,10.8,10542
Kenya,Lee_Chi,rural,0.37749,70.6,29.40000000000001,6.3,6.4,6.1,5.3,5.3,10102
Kenya,Lee_Chi,urban,0.57687,55.9,44.1,0.3,0.4,2.4,6.5,34.5,5187
Kenya,Lee_Chi,all,0.53791,65.5,34.5,4.2,4.4,4.8,5.7,15.4,15402
Malawi,Lee_Chi,rural,0.09202,78.2,21.8,3.9,5.4,4.2,4.3,4.0,6688
Malawi,Lee_Chi,urban,0.33321,69.5,30.5,0.9,2.0,3.2,4.2,20.3,2814
Malawi,Lee_Chi,all,0.18863,75.6,24.40000000000001,3.0,4.3,3.9,4.2,8.9,9553
Mali,Lee_Chi,rural,0.04416,79.1,20.90000000000001,2.0,4.3,4.7,4.9,5.0,9129
Mali,Lee_Chi,urban,0.29773,60.0,40.0,0.0,0.3,0.0,1.2,38.5,330
Mali,Lee_Chi,all,0.06974,78.4,21.599999999999994,2.0,4.2,4.5,4.7,6.1,9552
Mozambique,Lee_Chi,rural,0.10858,77.3,22.700000000000003,4.1,4.8,4.5,4.0,5.3,10770
Mozambique,Lee_Chi,urban,0.51832,54.9,45.1,0.0,0.3,0.9,1.9,42.1,701
Mozambique,Lee_Chi,all,0.1507,75.9,24.099999999999994,3.9,4.5,4.3,3.9,7.6,11555
Nigeria,Lee_Chi,rural,0.29417,72.3,27.700000000000003,6.9,4.9,5.2,4.9,5.8,48772
Nigeria,Lee_Chi,urban,0.66919,36.6,63.4,0.2,0.3,1.2,4.4,57.3,9646
Nigeria,Lee_Chi,all,0.46013,66.3,33.7,5.8,4.1,4.5,4.9,14.4,58979
Rwanda,Lee_Chi,rural,0.25066,74.8,25.200000000000003,6.3,5.8,4.4,4.7,4.0,2150
Rwanda,Lee_Chi,urban,0.50103,67.0,33.0,4.8,4.3,4.5,5.2,14.3,4069
Rwanda,Lee_Chi,all,0.42873,69.7,30.3,5.3,4.8,4.5,5.0,10.7,6252
Senegal,Lee_Chi,rural,0.2705,74.2,25.8,3.7,4.1,4.7,5.8,7.5,11253
Senegal,Lee_Chi,urban,0.58051,19.7,80.3,0.0,0.0,0.0,0.8,79.5,736
Senegal,Lee_Chi,all,0.36614,70.7,29.3,3.4,3.8,4.5,5.5,12.2,12102
Sierra Leone,Lee_Chi,rural,0.26808,73.8,26.200000000000003,5.1,4.5,4.2,4.9,7.5,7725
Sierra Leone,Lee_Chi,urban,0.77055,17.8,82.2,0.0,0.3,0.3,1.2,80.3,325
Sierra Leone,Lee_Chi,all,0.33243,71.1,28.90000000000001,4.8,4.3,4.0,4.7,11.1,8274
Tanzania,Lee_Chi,rural,0.29226,73.6,26.40000000000001,6.0,4.9,4.8,5.0,5.7,23449
Tanzania,Lee_Chi,urban,0.49251,39.7,60.3,0.0,0.2,1.1,4.0,55.0,3248
Tanzania,Lee_Chi,all,0.41159,69.4,30.599999999999994,5.2,4.3,4.4,4.9,11.9,26869
Togo,Lee_Chi,rural,0.31907,71.7,28.3,6.4,5.2,4.8,5.4,6.6,4030
Togo,Lee_Chi,urban,0.695,20.6,79.4,0.0,0.6,0.0,2.3,76.5,486
Togo,Lee_Chi,all,0.46475,66.1,33.900000000000006,5.6,4.7,4.2,5.0,14.3,4581
Uganda,Lee_Chi,rural,0.16523,76.9,23.099999999999994,5.7,4.6,4.2,4.7,3.9,11401
Uganda,Lee_Chi,urban,0.20591,71.3,28.700000000000003,1.0,2.2,3.7,5.6,16.3,4923
Uganda,Lee_Chi,all,0.2272,75.2,24.8,4.3,3.9,4.1,5.0,7.6,16445
Zambia,Lee_Chi,rural,0.28192,72.5,27.5,3.9,4.2,4.8,5.5,9.1,8692
Zambia,Lee_Chi,urban,0.52809,18.5,81.5,0.0,0.2,0.0,0.6,80.8,634
Zambia,Lee_Chi,all,0.38511,68.9,31.099999999999994,3.7,3.9,4.5,5.2,13.9,9360
Zimbabwe,Lee_Chi,rural,0.22043,75.3,24.700000000000003,5.2,4.5,4.6,5.2,5.3,10597
Zimbabwe,Lee_Chi,urban,0.0032,45.6,54.4,0.0,0.2,0.2,0.0,53.9,423
Zimbabwe,Lee_Chi,all,0.25287,74.2,25.8,5.0,4.3,4.4,5.0,7.1,11027
Angola,Lee_Yeh,rural,0.51136,69.7,30.3,4.5,4.5,4.6,5.8,11.0,1164
Angola,Lee_Yeh,urban,0.65449,21.8,78.2,0.0,0.0,0.0,0.7,77.5,711
Angola,Lee_Yeh,all,0.79743,50.7,49.3,2.7,2.7,2.8,3.8,37.3,1922
Benin,Lee_Yeh,rural,0.22016,75.1,24.90000000000001,5.7,5.3,3.8,3.7,6.4,1882
Benin,Lee_Yeh,urban,0.72778,43.7,56.3,0.0,1.0,1.9,1.7,51.7,721
Benin,Lee_Yeh,all,0.5102,66.4,33.599999999999994,4.1,4.1,3.4,3.1,18.9,2655
Burkina Faso,Lee_Yeh,rural,0.24166,73.9,26.099999999999994,2.5,4.3,4.1,6.6,8.5,2200
Burkina Faso,Lee_Yeh,urban,0.67069,23.1,76.9,0.0,0.0,0.8,1.0,75.1,389
Burkina Faso,Lee_Yeh,all,0.44043,66.2,33.8,2.2,3.7,3.6,5.8,18.6,2598
Cameroon,Lee_Yeh,rural,0.36031,76.3,23.700000000000003,2.2,2.5,3.4,4.4,11.3,1551
Cameroon,Lee_Yeh,urban,0.65471,29.5,70.5,0.0,0.0,0.2,0.8,69.5,620
Cameroon,Lee_Yeh,all,0.64199,62.7,37.3,1.6,1.7,2.6,3.4,28.0,2202
Cote d'Ivoire,Lee_Yeh,rural,0.44481,76.8,23.200000000000003,4.2,3.2,4.8,4.6,6.5,694
Cote d'Ivoire,Lee_Yeh,urban,0.48848,35.9,64.1,0.0,0.0,0.0,0.0,64.1,209
Cote d'Ivoire,Lee_Yeh,all,0.62989,66.5,33.5,3.1,2.7,3.6,3.4,20.7,928
Democratic Republic of the Congo,Lee_Yeh,rural,0.38542,72.1,27.90000000000001,4.7,5.6,4.7,4.7,8.2,768
Democratic Republic of the Congo,Lee_Yeh,urban,0.72648,38.7,61.3,0.3,0.3,1.2,2.9,56.6,346
Democratic Republic of the Congo,Lee_Yeh,all,0.62104,61.8,38.2,3.5,3.9,3.6,4.1,23.2,1123
Ethiopia,Lee_Yeh,rural,0.33229,71.3,28.700000000000003,2.8,4.7,5.2,6.5,9.5,2498
Ethiopia,Lee_Yeh,urban,0.77868,42.3,57.7,0.0,0.3,1.5,3.7,52.3,792
Ethiopia,Lee_Yeh,all,0.51243,64.3,35.7,2.1,3.6,4.3,5.8,19.8,3290
Ghana,Lee_Yeh,rural,0.52427,69.6,30.40000000000001,5.4,6.2,6.2,7.7,5.0,1670
Ghana,Lee_Yeh,urban,0.75923,32.9,67.1,0.0,0.0,0.1,1.4,65.6,779
Ghana,Lee_Yeh,all,0.75511,57.9,42.1,3.7,4.1,4.2,5.6,24.6,2496
Guinea,Lee_Yeh,rural,0.4581,72.1,27.90000000000001,3.0,5.4,5.7,3.8,10.0,894
Guinea,Lee_Yeh,urban,0.7068,14.5,85.5,0.0,0.0,0.0,0.0,85.5,256
Guinea,Lee_Yeh,all,0.70704,59.0,41.0,2.3,4.1,4.3,2.9,27.4,1175
Kenya,Lee_Yeh,rural,0.45318,70.6,29.40000000000001,6.0,6.0,4.6,4.3,8.6,2314
Kenya,Lee_Yeh,urban,0.64717,55.8,44.2,1.9,2.2,3.4,8.5,28.2,3144
Kenya,Lee_Yeh,all,0.61703,61.7,38.3,3.6,3.8,3.9,6.7,20.4,5517
Malawi,Lee_Yeh,rural,0.20852,75.5,24.5,5.3,5.4,4.6,3.7,5.6,3790
Malawi,Lee_Yeh,urban,0.53517,62.4,37.6,2.6,2.2,3.5,4.3,25.0,2256
Malawi,Lee_Yeh,all,0.36206,70.6,29.40000000000001,4.3,4.1,4.2,4.0,12.8,6085
Mali,Lee_Yeh,rural,0.3444,70.5,29.5,1.5,4.0,5.4,5.4,13.1,1561
Mali,Lee_Yeh,urban,0.60054,10.3,89.7,0.0,0.0,0.0,0.3,89.4,311
Mali,Lee_Yeh,all,0.56835,60.6,39.4,1.3,3.5,4.5,4.6,25.7,1882
Mozambique,Lee_Yeh,rural,0.61489,69.5,30.5,3.7,4.8,4.9,3.9,13.3,1313
Mozambique,Lee_Yeh,urban,0.77597,17.6,82.4,0.0,0.0,0.4,0.4,81.6,534
Mozambique,Lee_Yeh,all,0.80567,53.7,46.3,2.6,3.3,3.5,2.9,34.0,1902
Nigeria,Lee_Yeh,rural,0.46487,73.6,26.40000000000001,3.9,6.3,5.2,3.7,7.4,3586
Nigeria,Lee_Yeh,urban,0.72234,45.7,54.3,0.1,0.1,0.4,1.2,52.6,3075
Nigeria,Lee_Yeh,all,0.74151,60.6,39.4,2.1,3.4,3.0,2.7,28.3,6766
Rwanda,Lee_Yeh,rural,0.22406,75.8,24.200000000000003,7.3,4.6,3.8,4.0,4.6,1704
Rwanda,Lee_Yeh,urban,0.34129,72.0,28.0,4.5,4.5,3.6,3.9,11.6,3523
Rwanda,Lee_Yeh,all,0.3047,73.2,26.8,5.4,4.5,3.7,3.9,9.3,5248
Senegal,Lee_Yeh,rural,0.32915,74.2,25.8,2.1,3.3,4.7,6.0,9.7,2378
Senegal,Lee_Yeh,urban,0.50737,21.5,78.5,0.0,0.0,0.0,0.4,78.1,479
Senegal,Lee_Yeh,all,0.54967,65.1,34.900000000000006,1.7,2.7,3.9,5.0,21.6,2882
Sierra Leone,Lee_Yeh,rural,0.31542,71.7,28.3,4.7,4.1,5.7,4.4,9.4,1925
Sierra Leone,Lee_Yeh,urban,0.58265,26.0,74.0,0.9,0.5,0.0,0.9,71.7,219
Sierra Leone,Lee_Yeh,all,0.44404,66.2,33.8,4.4,3.6,4.9,4.0,16.8,2234
Tanzania,Lee_Yeh,rural,0.35779,72.4,27.599999999999994,3.2,4.4,4.9,5.2,9.9,3442
Tanzania,Lee_Yeh,urban,0.77378,38.6,61.4,0.0,0.3,0.5,2.4,58.3,1574
Tanzania,Lee_Yeh,all,0.61613,61.4,38.6,2.2,3.1,3.5,4.3,25.6,5107
Togo,Lee_Yeh,rural,0.3967,71.4,28.599999999999994,4.5,4.5,6.8,7.0,5.9,870
Togo,Lee_Yeh,urban,0.63781,29.7,70.3,0.0,0.0,0.3,0.9,69.1,330
Togo,Lee_Yeh,all,0.65193,59.6,40.4,3.2,3.4,4.9,5.2,23.7,1222
Uganda,Lee_Yeh,rural,0.27974,72.1,27.90000000000001,6.9,5.0,4.8,4.8,6.5,1905
Uganda,Lee_Yeh,urban,0.63651,55.6,44.4,1.5,3.3,3.4,4.1,32.1,1848
Uganda,Lee_Yeh,all,0.50932,63.9,36.1,4.2,4.2,4.1,4.4,19.1,3778
Zambia,Lee_Yeh,rural,0.60547,61.8,38.2,3.7,7.0,6.7,6.5,14.3,1001
Zambia,Lee_Yeh,urban,0.59911,16.1,83.9,0.0,0.4,0.2,0.6,82.7,521
Zambia,Lee_Yeh,all,0.80734,46.4,53.6,2.4,4.8,4.4,4.5,37.5,1531
Zimbabwe,Lee_Yeh,rural,0.44755,68.9,31.099999999999994,3.8,4.4,5.0,6.3,11.6,1487
Zimbabwe,Lee_Yeh,urban,0.46861,6.9,93.1,0.0,0.0,0.0,0.2,92.8,419
Zimbabwe,Lee_Yeh,all,0.70398,55.3,44.7,3.0,3.5,3.9,4.9,29.4,1908
